accuracy,precision,recall,f1,train_size
0.75,0.7242152466367713,0.8075,0.7635933806146572,200
