accuracy,precision,recall,f1,train_size
0.50125,1.0,0.0025,0.004987531172069825,25
