accuracy,precision,recall,f1,train_size
0.75875,0.8371335504885994,0.6425,0.727015558698727,250
