accuracy,precision,recall,f1,train_size
0.79625,0.8015267175572519,0.7875,0.7944514501891551,400
