accuracy,precision,recall,f1,train_size
0.70375,0.7245179063360881,0.6575,0.6893840104849279,150
