accuracy,precision,recall,f1,train_size
0.7975,0.8305555555555556,0.7475,0.7868421052631579,350
