accuracy,precision,recall,f1,train_size
0.77125,0.8444444444444444,0.665,0.7440559440559441,300
